tic,ggroup
AIR,2010
AAL,2030
CECE,2020
PNW,5510
PRG,4020
ABT,3510
AMD,4530
APD,1510
ALK,2030
ATRI,3510
MATX,2030
ALX,6010
ALCO,3020
Y,4030
HON,2010
SWKS,4530
HES,1010
UHAL,2030
ABM,2020
PRI,4030
ECOL,2020
AEP,5510
AXP,4020
AFL,4030
AIG,4030
ANAT,4030
AMSWA,4510
AVD,1510
AME,2010
AMGN,3520
ADI,4530
ANDE,3010
NBR,1010
APA,1010
APOG,2010
AAPL,4520
AMAT,4530
EPAC,2010
TREC,1510
ADM,3020
ARCB,2030
ARW,4520
ASH,1510
ATRO,2010
REX,1010
ADSK,4510
ADP,4510
AVY,1510
AVT,4520
AZZ,2010
BRT,6010
BMI,4520
BCPC,1510
PTVCB,4030
BLL,1510
BPOP,4010
BOH,4010
BK,4020
B,2010
BAX,3510
AIT,2010
BDX,3510
BELFB,4520
VZ,5010
BBY,2550
BIO,3520
BKH,5510
HRB,2530
BA,2010
RHI,2020
BRC,2020
BMY,3520
CAL,2550
BC,2520
MTRN,1510
MTZ,2010
UIS,4510
RAMP,4510
CI,3510
CNA,4030
CSX,2030
CTS,4520
TLS,4510
CBT,1510
CACI,2020
CAMP,4520
CWT,5510
CPB,3020
STZ,3020
CAH,3510
CSL,2010
CRS,1510
CASY,3010
CAT,2010
CATO,2550
CVCO,2520
LUMN,5010
MGLN,3510
CMD,3510
CHE,3510
JPM,4010
CPK,5510
CVX,1010
EAT,2530
CHD,3030
CHDN,2530
CBB,5010
CTAS,2020
IHRT,5020
CLF,1510
CLX,3030
COKE,3020
KO,3020
CDE,1510
COHR,4520
COHU,4530
CL,3030
CCF,1510
AON,4030
CMCSA,5020
CMA,4010
CBSH,4010
C,4010
CMC,1510
CAR,2030
DXC,4510
CMTL,4520
CAG,3020
SSTK,2550
ED,5510
BH,2530
CTO,6010
CMS,5510
CLR,1010
CTB,2510
COO,3510
TAP,3020
GLW,4520
CUZ,6010
CBRL,2530
CR,2010
OMF,4020
CCK,1510
CFR,4010
CMI,2010
CW,2010
WEN,2530
DAN,2510
DHR,3510
TGT,2550
DE,2010
DAL,2030
DLX,2020
DTE,5510
ATGE,2530
DBD,4520
DDS,2550
DIOD,4530
DIS,5020
DG,2550
D,5510
DCI,2010
DOV,2010
DD,1510
OMC,5020
DCO,2010
DUK,5510
DNB,2020
FLS,2010
DY,2010
PKI,3520
EML,2010
EGP,6010
ETN,2010
ECL,1510
EMR,2010
ATO,5510
EBF,2020
ENZ,3510
EFX,2020
EQT,1010
ESCA,2520
NEU,1510
EXPD,2030
BOOM,1010
IIIN,2010
XOM,1010
FMC,1510
NEE,5510
FARM,3020
FDX,2030
FRT,6010
FSS,2010
M,2550
FOE,1510
FITB,4010
RF,4010
TRMK,4010
FCNCA,4010
MTB,4010
USB,4010
FHN,4010
FLO,3020
FLR,2010
F,2510
FSTR,2010
FELE,2010
BEN,4020
FUL,1510
GATX,2010
AJG,4030
TGNA,5020
GPS,2550
AJRD,2010
GD,2010
GE,2010
GIS,3020
ALLY,4020
GM,2510
SPXC,2010
GCO,2550
GNTX,2510
GPC,2550
GTY,6010
GLT,1510
GT,2510
GRC,2010
GRA,1510
GGG,2010
GHM,2010
GWW,2010
GTN,5020
GEF,1510
HAL,1010
LHX,2010
HSC,2020
HAS,2520
AMOT,2010
HVT,2550
HE,5510
HWKN,1510
HCSG,2020
WELL,6010
STRL,2010
HL,1510
HEI,2010
KHC,3020
HELE,2520
HP,1010
HSY,3020
HPQ,4520
HXL,2010
HRC,3510
HLT,2530
HFC,1010
HD,2550
HNI,2020
HRL,3020
CNP,5510
UBA,6010
HUBB,2010
JBHT,2030
HBAN,4010
HURC,2010
BVH,2530
ITT,2010
RYN,6010
IDA,5510
ITW,2010
TT,2010
RYI,1510
GFF,2010
INTC,4530
INS,4510
TILE,2020
IBM,4510
IFF,1510
NAV,2010
IDCC,4510
IP,1510
IPG,5020
IVC,3510
J,2020
EME,2010
JNJ,3520
JCI,2010
KLAC,4530
KMI,1010
KAMN,2010
KSU,2030
EVRG,5510
K,3020
KELYA,2020
KMT,2010
KBAL,2020
KMB,3030
KEX,2030
KR,3010
LYTS,2010
LZB,2520
SR,5510
LRCX,4530
LANC,3020
LAWS,2010
LEG,2520
LEN,2520
JEF,4020
LLY,3520
LB,2550
LECO,2010
LNC,4030
LMT,2010
L,4030
RRC,1010
LPX,1510
LOW,2550
LDL,2010
MDC,2520
MDU,5510
MGEE,5510
MTW,2010
MRO,1010
MCS,5020
HST,6010
MMC,4030
MAS,2010
MAT,2520
MLP,6010
MKC,3020
MCD,2530
MGRC,2010
SPGI,4020
MCK,3510
GENC,2010
MDT,3510
CVS,3510
MRK,3520
MDP,5020
MLAB,3510
MEI,4520
EVI,2010
SIEB,4020
MU,4530
ETR,5510
MSEX,5510
MLHR,2020
MSA,2020
MMM,2010
ALE,5510
MOD,2510
MNR,6010
QDEL,3510
MSI,4520
MUR,1010
MYE,1510
VTRS,3520
BAC,4010
NCR,4520
NL,2020
NSSC,4520
NATH,2530
NFG,5510
NHC,3510
THC,3510
GPX,2020
NPK,2010
NATR,3030
NJR,5510
NYT,5020
NWL,2520
NEM,1510
NR,1010
NKE,2520
NDSN,2010
JWN,2550
NSC,2030
NC,1010
MOV,2520
ES,5510
NI,5510
XEL,5510
NTRS,4020
NOC,2010
TEX,2010
NWN,5510
NWE,5510
WFC,4010
NUE,1510
OXY,1010
OII,1010
ITI,4520
VTOL,1010
FE,5510
ODC,3030
OGE,5510
OLN,1510
OLP,6010
OKE,1010
OTTR,5510
OSG,1010
OMI,3510
OC,2010
OI,1510
OXM,2520
PNC,4010
PPG,1510
PCAR,2010
PCG,5510
SRE,5510
PAR,4520
PKE,2010
PKOH,2010
PH,2010
PATK,2510
GDP,1010
PAYX,4510
AFG,4030
PVAC,1010
PPL,5510
PNR,2010
PEP,3020
TPC,2010
PDCE,1010
PFE,3520
EXC,5510
WTRG,5510
MO,3020
COP,1010
PVH,2520
SENEA,3020
AGYS,4510
PIPR,4020
PBI,2020
POLY,4520
PCH,6010
POWL,2010
PG,3030
PNM,5510
PEG,5510
PHM,2520
PCYO,5510
AGX,2010
KWR,1510
NXGN,3510
QMCO,4520
RJF,4020
RES,1010
RPM,1510
USLM,1510
RAVN,2010
RBC,2010
RGS,2530
AN,2550
RAD,3010
RGCO,5510
ROK,2010
ROG,4520
ROL,2020
ROST,2550
RGLD,1510
R,2030
SEIC,4020
SJW,5510
SFE,4020
SLB,1010
SCHL,5020
SEB,3020
APPS,4510
SEE,1510
IIN,3510
SMTC,4530
SCI,2530
SHEN,5010
SHW,1510
AOS,2010
SJM,3020
SNA,2010
KEY,4010
SON,1510
SJI,5510
EIX,5510
AWR,5510
SO,5510
LUV,2030
SWX,5510
T,5010
SWN,1010
SHYF,2010
STAA,3510
SMP,2510
SXI,2010
SWK,2010
STT,4020
SCL,1510
STC,4030
PSA,6010
SYK,3510
NAVI,4020
RGR,2520
SGC,2520
SYY,3010
TISI,2020
TRC,6010
ATI,1510
TFX,3510
TDS,5010
TNC,2010
TEN,2510
TER,4530
TXN,4530
TXT,2010
TMO,3520
THO,2510
TDW,1010
SIX,2530
TKR,2010
TR,3020
GL,4030
TTC,2010
TRNS,2010
TRN,2010
TYL,4510
TSN,3020
UAL,2030
UGI,5510
UFI,2520
UNF,2020
AEE,5510
UNP,2030
UDR,6010
UNH,3510
UMBF,4010
UMH,6010
UPS,2030
RTX,2010
SGMS,2530
UTL,5510
SXT,1510
UVV,3020
UHS,3510
UTMD,3510
VFC,2520
VSEC,2020
VMI,2010
VALU,4020
VECO,4530
VLGEA,3010
VSH,4520
VNO,6010
VMC,1510
WDFC,3030
WMT,3010
WBA,3010
GHC,2530
WRE,6010
AVA,5510
WSO,2010
WRI,6010
WMK,3010
WST,3510
WDC,4520
WEYS,2550
WY,6010
WHR,2520
WMB,1010
WSM,2550
WGO,2510
WEC,5510
LNT,5510
WWW,2520
WWD,2010
FL,2550
WOR,1510
XRX,4520
YORW,5510
SPB,3030
TJX,2550
ZION,4010
OSK,2010
WTM,4030
QLYS,4510
ALEX,6010
SF,4020
OVV,1010
LCII,2510
JKHY,4510
ASB,4010
NMIH,4010
TFC,4010
VLY,4010
FMBI,4010
NGVC,3010
RBB,4010
LAND,6010
BIG,2550
MS,4020
TROW,4020
NNN,6010
MSFT,4510
ORCL,4510
COTY,3030
RGEN,3520
ASTE,2010
WERN,2030
AMWD,2010
HOG,2510
SKYW,2030
TOL,2520
POR,5510
VIVO,3510
IT,4510
WTS,2010
NVR,2520
INT,1010
CLFD,4520
ATUS,5020
ADBE,4510
JOE,6010
DJCO,5020
EHC,3510
CNO,4030
MHO,2520
MRTN,2030
FISV,4510
KBH,2520
CVM,3520
ABEO,3520
APYX,3510
UNM,4030
PPC,3020
CLGX,2020
JJSF,3020
HTLD,2030
CERN,3510
ICAD,3510
MKL,4030
OSUR,3510
FRPH,6010
PLXS,4520
CDZI,5510
IMKTA,3010
SNV,4010
RDNT,3510
JACK,2530
PEAK,6010
CMO,4020
PLAB,4530
SAFM,3020
PGR,4030
RLI,4030
VOXX,2520
CDNS,4510
BRY,1010
OPY,4020
EBIX,4510
CCL,2530
DRE,6010
MBI,4030
BDN,6010
MIDD,2010
EQC,6010
UHT,6010
CRMT,2550
ABMD,3510
CNMD,3510
XRAY,3510
VIAC,5020
ZTS,3520
HRTX,3520
FICO,4510
COOP,4010
JOUT,2520
VGR,3020
SCHW,4020
CLH,2020
AIN,2010
CYBE,4530
MITK,4510
FULT,4010
BXS,4010
FAST,2010
WABC,4010
MXIM,4530
HLF,3030
FRC,4010
APH,4520
IPAR,3030
PII,2520
ICPT,3520
PXD,1010
USM,5010
MAN,2020
ITIC,4030
DX,4020
MGM,2530
WM,2020
DELL,4520
SSP,5020
SAMG,4020
IIVI,4520
FCX,1510
CDMO,3520
ODP,2550
MTH,2520
ARCH,1010
WRB,4030
CINF,4030
ORI,4030
MGPI,3020
DDD,4520
DVN,1010
LNN,2010
LH,3510
WDAY,4510
MFA,4020
RPT,6010
STAR,6010
AGM,4010
SRCE,4010
VLO,1010
TRS,2010
IEX,2010
MLI,2010
TCF,4010
ARGO,4030
TECH,3520
BRO,4030
AMBA,4530
TG,1510
SIG,2550
PRTK,3520
NLOK,4510
SPWH,2550
ABBV,3520
APAM,4020
CONE,6010
GMRE,6010
CGNX,4520
PBCT,4010
ENTA,3520
VOYA,4020
CRUS,4530
NEOG,3510
HNGR,3510
LEA,2510
EOG,1010
BCC,2010
ZIXI,4510
SFBS,4010
LSCC,4530
TMHC,2520
AROW,4010
NBN,4010
BMTC,4010
CPF,4010
DGII,4520
DGICA,4030
EA,5020
HMHC,2530
PRTA,3520
CNBKA,4010
CIA,4030
FBNC,4010
CHCO,4010
CBU,4010
FBP,4010
GBCI,4010
FRME,4010
TVTX,3520
INDB,4010
IBCP,4010
HIFS,4010
OFG,4010
PEBK,4010
LSXMK,5020
XONE,2010
MCY,4030
NWLI,4030
ONB,4010
IMGN,3520
PEBO,4010
SIGI,4030
SIVB,4010
IHC,4030
WSFS,4010
WAFD,4010
WBS,4010
WSBC,4010
ACNB,4010
SBCF,4010
FFBC,4010
BLFS,3510
TALO,1010
TMP,4010
TRST,4010
UBSI,4010
UFCS,4030
NVEE,2010
PFSI,4010
ARTNA,5510
AMNB,4010
IBTX,4010
CMRX,3520
CCNE,4010
MODN,4510
RBNC,4010
AHH,6010
AMH,6010
ADMA,3520
HMTV,5020
TSC,4010
CVLY,4010
CNOB,4010
HASI,4020
EPZM,3520
ECOM,4510
TMUS,5010
NCBS,4010
CHMG,4010
NRZ,4020
IQV,3520
SFM,3010
FI,1010
BLUE,3520
CCS,2520
NSTG,3520
COMM,4520
CZNC,4010
FRBK,4010
NWSA,5020
NDLS,2530
FNB,4010
REXR,6010
CHMI,4020
DOC,6010
AGIO,3520
ESPR,3520
FDBC,4010
ANIP,3520
FCF,4010
FVCB,4010
THFF,4010
ASC,1010
CWEN,5510
SC,4020
FLIC,4010
USFD,3010
PGEN,3520
FOXF,2510
BUSE,4010
BRX,6010
FRAF,4010
ALRS,4020
SPNT,4030
AR,1010
FEYE,4510
IRT,6010
MUSA,2550
XLRN,3520
HBNC,4010
CHGG,2530
BNFT,4510
FATE,3520
AAOI,4520
ISEE,3520
QTS,6010
RMAX,6010
PINC,3510
GLOB,4510
LGIH,2520
RNG,4510
MGNX,3520
BURL,2550
SAIC,2020
VEEV,3510
PTC,4510
LKFN,4010
ESNT,4010
AERI,3520
GLPI,6010
TCS,2550
TWTR,5020
EXPI,6010
GLYC,3520
AMRX,3520
TNDM,3510
KPTI,3520
XNCR,3520
VCYT,3520
MMI,6010
REPH,3520
VRNS,4510
CWH,2550
NBTB,4010
OVBC,4010
KIN,3520
RARE,3520
OSBC,4010
CARA,3520
PWOD,4010
STAY,2530
TACO,2530
CTBI,4010
INGN,3510
BRG,6010
PLPC,2010
PRK,4010
SFNC,4010
MBUU,2520
DENN,2530
GIII,2520
ITCI,3520
GSBC,4010
LADR,4020
DRNA,3520
RVNC,3520
OUT,6010
FLXN,3520
IBP,2520
OGS,5510
KN,4520
FPI,6010
CNCE,3520
STBA,4010
GCI,5020
LE,2550
CTRE,6010
CBAY,3520
HEAR,4520
LC,4020
SABR,4510
AUB,4010
NLTX,3520
PCTY,4510
QUOT,2550
MGNI,5020
EGRX,3520
CPLG,6010
FCBP,4010
UVSP,4010
ATEN,4510
CIO,6010
VRTV,2010
AKBA,3520
WASH,4010
QTWO,4510
TWOU,2530
FIVN,4510
MC,4020
CMCT,6010
MEDP,3520
AGRX,3520
TMST,1510
CVBF,4010
BGSF,2020
BOX,4510
TMX,2530
CCBG,4010
PAHC,3520
PAYC,4510
WMS,2010
QTNT,3510
SMG,1510
NERV,3520
CTLT,3520
ZEN,4510
KEYS,4520
TBPH,3520
DNOW,2010
LOB,4010
PRMW,3020
ARES,4020
OEC,1510
HRTG,4030
SLM,4020
RYAM,1510
TRUE,5020
COG,1010
MRNS,3520
NG,1510
DMTK,3520
ISTR,4010
GPRO,2520
ARDX,3520
SNDX,3520
AMPH,3520
VEC,2010
FFWM,4010
SYF,4020
KE,4520
DOOR,2010
LTRPA,5020
RLMD,3520
SPKE,5510
ANET,4520
CSCO,4520
BXMT,4020
HQY,3510
HOLX,3510
TRUP,4030
SAGE,3520
PLYM,6010
CNNE,4020
ATEX,5010
LNTH,3510
XENT,3510
ATRA,3520
OCUL,3520
BSIG,4020
ADVM,3520
VKTX,3520
AKTS,4520
AXDX,3510
LOCO,2530
NBEV,3020
LBRDK,5020
VICR,2010
AVNS,3510
GVA,2010
LSTR,2030
KMPR,4030
UNVR,2010
VYNE,3520
W,2550
AAON,2010
CIVB,4010
RYTM,3520
PGRE,6010
GWB,4010
CALA,3520
STOR,6010
VBTX,4010
AFMD,3520
PRAH,3520
NVEC,4530
CDK,4510
MMSI,3510
FRPT,3020
CZR,2530
TBK,4010
BSGM,3510
CFG,4010
CHRS,3520
HUBS,4510
BOOT,2550
FGEN,3520
NVRO,3510
WK,4510
SNR,6010
CRBP,3520
SIEN,3510
SYNH,3520
UPLD,4510
GRBK,2520
MCF,1010
JYNT,3510
IBOC,4010
AXTA,1510
FND,2550
NEWR,4510
TBI,2020
HCA,3510
XLNX,4530
GNSS,4520
CURO,4020
PARR,1010
UE,6010
GMS,2010
PIRS,3520
SUM,1510
LCI,3520
VSTO,2520
ESTE,1010
SHAK,2530
DEA,6010
INOV,3510
SYBT,4010
CC,1510
TRMB,4520
VERU,3030
AJX,4020
NVTA,3520
FNWB,4010
XHR,6010
EXPO,2020
GDDY,4510
UNIT,6010
ENR,3030
BHE,4520
NXRT,6010
FRTA,1510
VRAY,3510
SEDG,4530
NSA,6010
BLBD,2010
MTRX,2010
ESE,2010
CABO,5020
ETSY,2550
BLD,2520
PJT,4020
LITE,4520
ETH,2520
XBIT,3520
ADRO,3520
TYME,3520
BPMC,3520
VIRT,4020
NRIM,4010
OPRX,3510
CVA,2020
CATY,4010
CDAY,4510
COLL,3520
CHCT,6010
HAYN,1510
ALTA,4010
PAVM,3510
CYH,3510
DORM,2510
VWTR,2020
PSB,6010
AZO,2550
REGN,3520
EVH,3510
WING,2530
EXTN,1010
APLE,6010
X,1510
GKOS,3510
GNL,6010
HAE,3510
IONS,3520
APPF,4510
OLLI,2550
LCUT,2520
ALRM,4510
FCFS,4020
DBI,2550
NTRA,3520
MCRB,3520
IDXX,3510
AES,5510
CRVL,3510
HWC,4010
STFC,4030
TDOC,3510
AMBC,4030
DIN,2530
KALU,1510
ALKS,3520
MNST,3020
SRG,6010
VRTX,3520
MNRO,2550
LIND,2530
PRGS,4510
MTG,4010
TVTY,3510
ZBRA,4520
EZPW,4020
PRA,4030
BOKF,4010
SPNE,3510
FIZZ,3020
BIIB,3520
MSGS,5020
RPD,4510
OOMA,5010
CHMA,3520
NHI,6010
DSKE,2030
AGLE,3520
CSWI,2010
FLOW,2010
PYPL,4510
ODFL,2030
RHP,6010
TRU,2020
HMN,4030
ATNI,5010
WNC,2010
LILAK,5010
WRLD,4020
KIM,6010
WETF,4020
JBSS,3020
PRGO,3520
TTEK,2020
AMSC,2010
QCOM,4530
OFC,6010
SPOK,5010
GILD,3520
PLNT,2530
MSON,3510
RUN,2010
MCFT,2520
ROP,2010
SNPS,4510
ELY,2520
LFVN,3030
VRTS,4020
ICUI,3510
MHK,2520
LIN,1510
CNR,2010
ASUR,4510
RNST,4010
AGCO,2010
CASS,4510
HLI,4020
BKE,2550
OLED,4530
BSX,3510
KSS,2550
VBIV,3520
STE,3510
USPH,3510
PVBC,4010
FC,2020
BBBY,2550
CACC,4020
DHI,2520
GBT,3520
COLB,4010
GPK,1510
TWNK,3020
FCEL,2010
SBUX,2530
STRS,6010
NKSH,4010
CENTA,3030
WIRE,2010
KW,6010
OHI,6010
ACI,3010
LTC,6010
CAKE,2530
LFUS,4520
ASGN,2020
BLX,4020
PSTG,4520
MTX,1510
PDCO,3510
SITE,2010
RDN,4010
SGRY,3510
KAI,2010
LGND,3520
GTLS,2010
SM,1010
UVE,4030
MTCH,5020
FCBC,4010
KURA,3520
CTMX,3520
NVCR,3510
HOME,2550
RGNX,3520
PEN,3510
HPE,4520
ANAB,3520
BRP,4030
SMBK,4010
ABTX,4010
LAUR,2530
DLTH,2550
WVE,3520
VYGR,3520
EQBK,4010
AXSM,3520
APLS,3520
RRR,2530
SQ,4510
MIME,4510
FCPT,6010
AC,4020
CLPR,6010
TEAM,4510
WBT,2010
RMR,6010
FTV,2010
AGR,5510
OCX,3520
SCWX,4510
NTNX,4510
HRI,2010
TRHC,3510
GCP,1510
TCMD,3510
EDIT,3520
RETA,3520
ATKR,2010
EIGR,3520
MCBS,4010
NGVT,1510
NTLA,3520
BATRK,5020
FWONK,5020
BFST,4010
BALY,2530
PLSE,3510
ADNT,2510
BPRN,4010
SELB,3520
TWLO,4510
VVV,1510
JELD,2010
PI,4530
SYRS,3520
HGV,2530
PK,6010
KDMN,3520
KIDS,3510
TPIC,2010
GOLF,2520
SMPL,3020
HONE,4010
AA,1510
KNSL,4030
YETI,2520
FHB,4010
PTGX,3520
INSW,1010
MDGL,3520
ATOM,4530
NLS,2520
RCKY,2520
SITC,6010
SGA,5020
CREE,4530
DFIN,4020
LIVN,3510
CRY,3510
UEIC,2520
FBK,4010
EVBG,4510
ELS,6010
TTD,4510
ELF,3030
HUM,3510
AVID,4520
INTU,4510
SCVL,2550
CSTR,4010
ALG,2010
MCHP,4530
BOMN,5020
CHS,2550
FLGT,3510
BANF,4010
CB,4030
ASIX,1510
DZSI,4520
COUP,4510
FOSL,2520
BPYU,6010
SANM,4520
TCBK,4010
ATR,1510
ORLY,2550
RCL,2530
HWM,2010
AVNT,1510
JBL,4520
ANIK,3520
RGA,4030
GABC,4010
CDW,4520
HR,6010
AKR,6010
RIG,1010
SKT,6010
ALL,4030
IRTC,3510
GTYH,4510
OFIX,3510
SPNS,4510
PZZA,2530
THRM,2510
BBSI,2020
BL,4510
YUMC,2530
GRWG,2550
BCO,2020
PFC,4010
CPT,6010
IIPR,6010
MCRI,2530
CNDT,4510
EQR,6010
BWA,2510
SPTN,3010
BFS,6010
WINA,2550
PFGC,3010
LW,3020
ARWR,3520
CASH,4010
KDP,3020
MAR,2530
BDC,4520
QCRH,4010
VREX,3510
BYD,2530
DECK,2520
ALBO,3520
COST,3010
LXP,6010
RVSB,4010
REG,6010
FFIN,4010
PTEN,1010
INCY,3520
ROCK,2010
ITRI,4520
URBN,2550
CNTY,2530
CARS,5020
UFPI,2010
ICHR,4530
FWRD,2030
BYSI,3520
BPFH,4010
SCHN,1510
VIAV,4520
KALV,3520
NYCB,4010
SUI,6010
CASA,4520
SHOO,2520
SPG,6010
EMN,1510
UFPT,1510
LNG,1010
PCSB,4010
MED,3030
NEX,1010
NODK,4030
HAIN,3020
MAA,6010
WTTR,1010
JNCE,3520
DAKT,4520
DSPG,4530
MLM,1510
TSCO,2550
ALB,1510
BZH,2520
IVZ,4020
WRK,1510
BCRX,3520
FMNB,4010
MAC,6010
ZEUS,1510
AVB,6010
NNBR,2010
CPRT,2020
SCSC,4520
MPAA,2510
LMNR,3020
PLD,6010
FMBH,4010
INVH,6010
EXP,1510
SMBC,4010
AEO,2550
ADC,6010
HLNE,4020
IR,2010
NKTR,3520
PUMP,1010
ABCB,4010
TELL,1010
PENN,2530
SSD,2010
LJPC,3520
LBRT,1010
ESS,6010
HIW,6010
IMAX,5020
FR,6010
HCC,1510
FDP,3020
GBX,2010
MATW,2020
AIV,6010
GEO,6010
SOI,1010
MLR,2010
ARD,1510
ADTN,4520
AMED,3510
YEXT,4510
CLI,6010
DAR,3020
AYX,4510
SIRI,5020
RS,1510
OKTA,4510
O,6010
KNX,2030
AZPN,4510
CVLG,2030
NWBI,4010
CADE,4010
COF,4020
EEX,5020
CVNA,2550
CLDR,4510
URGN,3520
VERI,4510
BHVN,3520
AM,1010
OVID,3520
SVRA,3520
APPN,4510
KREF,4020
MGY,1010
GNTY,4010
GTHX,3520
FOCS,4020
NESR,1010
HAFC,4010
AGS,2530
ATNX,3520
NSIT,4520
SSTI,4510
RCII,2550
WOW,5020
BRKS,4530
SGH,4530
SNEX,4020
CODX,3510
ACIW,4510
BY,4010
DLTR,2550
ESQ,4010
NATI,4520
MRSN,3520
ABC,3510
ATLO,4010
CBZ,2020
BMRC,4010
BHF,4030
HLIT,4520
DRI,2530
RMD,3510
BHB,4010
AFIN,6010
SAFE,6010
TRTX,4020
GPMT,4020
KALA,3520
RDFN,6010
BKR,1010
JBGS,6010
CLXT,3520
PETQ,3510
PDLB,4010
MTEM,3520
PQG,1510
MBIO,3520
KRYS,3520
HBB,2520
CEIX,1010
ROKU,5020
DCPH,3520
OPTN,3520
SWCH,4510
MCB,4010
SPRO,3520
MDB,4510
FNKO,2550
ALTR,4510
CARG,5020
PACK,1510
BAND,5010
EYE,2550
VICI,6010
CBTX,4010
OSW,2530
AQUA,2010
MBIN,4010
SAIL,4510
CUE,3520
SFIX,2550
SBT,4010
ARCT,3520
NMRK,6010
ILPT,6010
LBC,4010
EQH,4020
WSC,2010
DNLI,3520
QTRX,3520
ODT,3520
AMEH,3510
AVYA,4510
ELOX,3520
VMD,3510
GTES,2010
SLDB,3520
RCKT,3520
EOLS,3520
ADT,2020
CDLX,5020
WHD,1010
BTAI,3520
EVFM,3520
COLD,6010
ZS,4510
CLBK,4010
PRPL,2520
STEP,4020
VXRT,3520
BWB,4010
RCUS,3520
DBX,4510
SPOT,5020
RFL,6010
ZUO,4510
FIXX,3520
WH,2530
LEVL,4010
SMAR,4510
DOCU,4510
STXB,4010
UBX,3520
CHX,1010
LASR,4520
GSHD,4030
ROAD,2010
LOVE,2520
INSP,3510
EVLO,3520
SRRK,3520
KNSA,3520
OBNK,4010
MGTA,3520
GSKY,4510
EVOP,4510
MGTX,3520
VRCA,3520
USX,2030
TCDA,3520
TBIO,3520
DOMO,4510
AVLR,4510
AMAL,4010
KZR,3520
BV,2020
IIIV,4510
SKY,2520
AVRO,3520
XERS,3520
BE,2010
EPRT,6010
RPAY,4510
EVER,5020
RVI,6010
BJ,3010
REPL,3520
RUBY,3520
ALLK,3520
CRNX,3520
CNST,3520
IAA,2020
PRVB,3520
TENB,4510
ARLO,4520
SONO,2520
CWK,6010
LQDA,3520
IMXI,4510
FTDR,2530
ELAN,3520
MESA,2030
AMTB,4010
HFFG,3010
FLMN,1010
LTHM,1510
REZI,2010
STRO,3520
EB,5020
ARVN,3520
GRTS,3520
UPWK,2020
GH,3510
KOD,3520
YMAB,3520
ALLO,3520
SIBN,3510
NGM,3520
PLAN,4510
TWST,3520
ESTC,4510
VRRM,4510
STNE,4510
VAPO,3510
AMK,4020
ETRN,1010
AXNX,3510
MRNA,3520
WTRH,2550
DOW,1510
SI,4010
BYND,3020
ORGO,3520
GOSS,3520
HARP,3520
TCRR,3520
PSTX,3520
ALEC,3520
FOXA,5020
CYCN,3520
WTRE,4030
CVET,3510
SWAV,3510
LYFT,2030
SILK,3510
DTIL,3520
TW,4020
XFOR,3520
RMBI,4010
TH,2530
PLMR,4030
CHNG,3510
PD,4510
DSSI,1010
MNRL,1010
ZM,4510
TPTX,3520
PINS,5020
KTB,2520
TMDX,3510
AVTR,3520
UBER,2030
RRBI,4010
NXTC,3520
APLT,3520
SPFI,4010
CRTX,3520
FSLY,4510
WORK,4510
IDYA,3520
PSN,2010
CTVA,1510
CRWD,4510
PSNL,3520
STOK,3520
BBIO,3520
AKRO,3520
BCEL,3520
ADPT,3520
MORF,3520
REAL,2550
KRTX,3520
INBX,3520
CMBM,4520
MDLA,4510
FULC,3520
PHR,3510
HCAT,3510
NOVA,5510
CSTL,3510
PROS,4030
RAPT,3520
DT,4510
ONEW,2550
CFB,4010
OPRT,4020
NVST,3510
OPCH,3510
SWTX,3520
NET,4510
CRNC,4510
PING,4510
DDOG,4510
PTON,2520
VIR,3520
IGMS,3520
TXG,3520
PNTG,3510
FREQ,3520
APRE,3520
BRBR,3030
PGNY,3510
BEAM,3520
PHAT,3520
FDMT,3520
OYST,3520
HBT,4010
ETNB,3520
SITM,4530
SPCE,2010
AHCO,3510
BRMK,4020
BILL,4510
REYN,3030
BIPC,5510
SPT,4510
ARNC,1510
IMVT,3520
ONEM,3510
ARQT,3520
PPD,3520
SDGR,3510
BDTX,3520
RVMD,3520
PASG,3520
VRT,2010
PAE,2010
OTIS,2010
CARR,2010
AZEK,2010
VNT,4520
ALTG,2010
SLQT,4030
NARI,3510
LUNG,3510
ACCD,3510
ORIC,3520
GDYN,4510
ZNTL,3520
MSGE,5020
KROS,3520
PLRX,3520
RNA,3520
RPRX,3520
AMTI,3520
VRM,2550
ACEL,2530
FMTX,3520
AKUS,3520
GBIO,3520
PCVX,3520
EBC,4010
GOCO,4030
RXT,4510
NKTX,3520
BLI,3520
RLAY,3520
ITOS,3520
IAC,5020
LMND,4030
ALXO,3520
NCNO,4510
JAMF,4510
MEG,2020
RKT,4010
VITL,3020
OSH,3510
BIGC,4510
AFIB,3510
NRIX,3520
ANNX,3520
INZY,3520
NTST,6010
ALVR,3520
DCT,4510
BEPC,5510
KYMR,3520
AOUT,2520
MAXN,4530
OM,3510
SUMO,4510
U,4510
DYN,3520
ATHA,3520
LNSR,3510
FROG,4510
AMWL,3510
BNL,6010
PTVE,1510
TSHA,3520
PMVP,3520
ASO,2550
PRLD,3520
EAR,3510
CCCC,3520
ALGS,3520
CRSR,4520
KRON,3520
STTK,3520
MAX,5020
MCFE,4510
PRAX,3520
ARRY,2010
MSP,4510
LESL,2550
AVIR,3520
GATO,1510
NGMS,2530
ALGM,4530
SHC,3520
MRVI,3520
UPST,4020
CNXC,4510
OLMA,3520
CERT,3510
SEER,3520
AAN,2550
MASS,4520
KNTE,3520
AIRC,6010
SBTX,3520
WOOF,2550
AI,4510
BCAB,3520
SHLS,2010
CGEM,3520
OCDX,3510
DRVN,2020
PLTK,5020
BOLT,3520
ONTF,4510
SGFY,3510
DSP,4510
APR,3510
VOR,3520
CGNT,4510
SANA,3520
VMEO,5020
SBGI,5020
DISH,5020
HA,2030
LSI,6010
PLAY,2530
WAB,2010
ACTG,2020
RWT,4020
EAF,2010
AAWW,2030
SHO,6010
KFRC,2020
IART,3510
SVC,6010
ACGL,4030
MD,3510
NOVT,4520
ERIE,4030
RE,4030
MYGN,3520
RNR,4030
THG,4030
RICK,2530
POOL,2550
DVA,3510
BANR,4010
OPK,3520
HSIC,3510
SWM,1510
AEIS,4520
EL,3030
WAT,3520
SAM,3020
FFIC,4010
NTAP,4520
NWPX,2010
NVAX,3520
CTXS,4510
NUAN,4510
HTLF,4010
TGTX,3520
MSM,2010
HIG,4030
SCCO,1510
APT,2010
LNDC,3020
CMCO,2010
UNTY,4010
ALXN,3520
CSGS,4510
REV,3030
IRM,6010
HUBG,2030
IDT,5010
CENX,1510
KVHI,4520
CWCO,5510
EPM,1010
LORL,5020
SASR,4010
TRV,4030
TCX,4510
SYKE,4510
FCN,2020
PFBI,4010
TUP,2520
NBIX,3520
SSNC,4510
SBSI,4010
RUSHA,2010
CASI,3520
ANSS,4510
DCOM,4010
FDS,4020
QGEN,3520
CVCY,4010
OCFC,4010
PEGA,4510
STRA,2530
GERN,3520
TTEC,4510
LAMR,6010
GES,2550
CSV,2530
SRCL,2020
MMAC,4010
WLFC,2010
ANF,2550
ENDP,3520
SPPI,3520
ATRS,3520
WTBA,4010
BJRI,2530
HIBB,2550
WTFC,4010
PAG,2550
USNA,3030
TGI,2010
NOV,1010
UNFI,3010
SEAC,4510
PLUS,4520
NUS,3030
STLD,1510
FORR,2020
VSAT,4520
DGX,3510
LAD,2550
DXPE,2010
UBFO,4010
HLIO,2010
CALM,3020
NSP,2020
KRC,6010
CERS,3510
VCEL,3520
MTN,2530
CIEN,4520
SLGN,1510
KMX,2550
EEFT,4510
SSB,4010
TTWO,5020
FBC,4010
KNL,2020
RMBS,4530
AMZN,2550
UCBI,4010
ARE,6010
QRVO,4530
SRPT,3520
RL,2520
MMS,4510
BXP,6010
SLP,3510
INDT,6010
PPBI,4010
FIX,2010
HLX,1010
AROC,1010
HSKA,3510
EGHT,4510
CXW,2020
OZK,4010
JLL,6010
EVBN,4010
QADA,4510
UMPQ,4010
DHIL,4020
BFAM,2530
SLG,6010
PSMT,3010
SIGA,3520
MTOR,2010
PETS,2550
YUM,2530
FARO,4520
PLCE,2550
FCCY,4010
NAT,1010
CAC,4010
NLY,4020
NRC,3510
SRI,2510
OSIS,4520
CHRW,2030
CHH,2530
CSR,6010
DRQ,1010
MBWM,4010
CWST,2020
EPR,6010
GPI,2550
MTD,3520
MOFG,4010
SAH,2550
AMG,4020
CFFI,4010
INGR,3020
POWI,4530
URI,2010
AAIC,4020
NWFL,4010
OVLY,4010
LCNB,4010
HOPE,4010
HFWA,4010
TSBK,4010
MPB,4010
SCS,2020
WPC,6010
RMTI,3510
VRSN,4510
IESC,2010
PRDO,2530
MRCY,2010
PFIS,4010
PWR,2010
COFS,4010
CNXN,4520
SRDX,3510
CIX,2020
OSPN,4510
INO,3520
FHI,4020
TPB,3020
AMCR,1510
NLSN,2020
NCLH,2530
AMT,6010
PAYS,4510
BSRR,4010
BRKL,4010
COLM,2520
MCBC,4010
UUUU,1010
PGC,4010
MRKR,3520
FGBI,4010
PFBC,4010
HTBK,4010
LBAI,4010
TCFC,4010
MANH,4510
CRAI,2020
AMKR,4530
VTR,6010
SMMF,4010
IOSP,1510
AXTI,4530
CATC,4010
HCKT,4510
HZO,2550
MSTR,4510
EGBN,4010
ORRF,4010
CTSH,4510
RH,2550
DOX,4510
FNLC,4010
CSGP,2020
BOCH,4010
RSG,2020
FMAO,4010
RBCAA,4010
SMED,3510
CCI,6010
EBAY,2550
GS,4020
MFNC,4010
SWBI,2520
FNHC,4030
PB,4010
SNBR,2550
BCOR,4020
GCBC,4010
FCAP,4010
GDEN,2530
EFSC,4010
STL,4010
HT,6010
NVDA,4530
AXL,2510
AUD,5020
EWBC,4010
APTV,2510
EPAY,4510
GBL,4020
KFY,2020
EBTC,4010
MKSI,4530
BKNG,2530
TREX,2010
CFFN,4010
EXTR,4520
HSII,2020
CNX,1010
TOWN,4010
WCC,2010
USCR,1510
FFIV,4520
SKX,2520
SBAC,6010
UTHR,3520
STMP,2550
FISI,4010
JNPR,4520
ECPG,4020
JCOM,4510
VHC,4510
HOFT,2520
BMRN,3520
LII,2010
PRFT,4510
FLWS,2550
NTCT,4520
EGAN,4510
DHC,6010
BLK,4020
CIR,2010
WWE,5020
SFST,4010
AKAM,4510
GAIA,5020
PLUG,2010
NEO,3520
KTOS,2010
CHTR,5020
EXPE,2530
IMMR,4520
ONTO,4530
A,3520
TDY,2010
BGCP,4020
PKG,1510
ZYXI,3510
AGEN,3520
SLAB,4530
EW,3510
EPC,3030
RIGL,3520
LMNX,3520
CCMP,4530
HSTM,3510
MET,4030
LXRX,3520
LPSN,4510
SGMO,3520
EXEL,3520
ON,4530
CEVA,4530
RBBN,4520
NRG,5510
INSM,3520
PACW,4010
VC,2510
ISRG,3510
CRL,3520
MRVL,4530
BHLB,4010
ENTG,4530
ACLS,4530
MAXR,2010
SAVA,3520
EVC,5020
ARNA,3520
ILMN,3520
BRKR,3520
SRGA,3510
EQIX,6010
PNFP,4010
MCO,4020
TTMI,4520
AWH,3510
DRRX,3520
ITGR,3510
TPR,2520
SLCT,4010
TNET,2020
INSG,4520
EXAS,3520
RGP,2020
ALGN,3510
GRMN,2520
SGEN,3520
HBIO,3520
DVAX,3520
ACAD,3520
GPN,4510
OIS,1010
BTU,1010
MPX,2520
SYNA,4530
MDLZ,3020
OMCL,3510
SHBI,4010
PRU,4030
ACN,4510
AXON,2010
ADS,4510
WLTW,4030
MVBF,4010
CCRN,3510
BG,3020
NTUS,3510
PDFS,4530
AMN,3510
ZBH,3510
ABG,2550
XPO,2030
ANTM,3510
GME,2550
WW,2530
CNC,3510
PFG,4030
AAP,2550
AYI,2010
PDM,6010
MANT,2020
WNEB,4010
CORT,3520
CUTR,3510
CCOI,5010
VRNT,4510
JBLU,2030
BCBP,4010
NFLX,5020
CVGW,3020
CPSI,3510
OSTK,2550
ACM,2010
BDSI,3520
GLDD,2010
TDG,2010
FORM,4530
SAFT,4030
RRGB,2530
NPO,2010
CME,4020
WHG,4020
NXST,5020
WYNN,2530
NDAQ,4020
BANC,4010
CIT,4010
DKS,2550
GALT,3520
CRI,2520
PFS,4010
TCBI,4010
PRAA,4020
SAIA,2030
XEC,1010
OTRK,3510
BFC,4010
PKBK,4010
HALO,3520
FBMS,4010
MOH,3510
AXS,4030
BCLI,3520
NTGR,4520
GOOD,6010
MODV,3510
ATSG,2030
WLL,1010
LKQ,2550
NNI,4020
XPER,4510
SNX,4520
MRLN,4020
AEL,4030
ADES,1510
CONN,2550
TPX,2520
HTH,4010
AIZ,4030
CMP,1510
KRO,1510
VST,5510
PCB,4010
SRC,6010
CRM,4510
MEIP,3520
AGO,4030
NYMT,4020
GNW,4030
CYTK,3520
TBBK,4010
SP,2020
MKTX,4020
BGS,3020
ABR,4020
DPZ,2530
MA,4510
GOOGL,5020
MNKD,3520
WTI,1010
MORN,4020
STXS,3510
TXRH,2530
BWFG,4010
EXR,6010
BECN,2010
SFL,1010
INVA,3520
HY,2010
WLK,1510
DRH,6010
MRTX,3520
SBNY,4010
VVI,2020
MPWR,4530
ENS,2010
ORA,5510
CUBE,6010
DLR,6010
BCML,4010
ACC,6010
MIC,2030
LVS,2530
KRNY,4010
PBIP,4010
BFIN,4010
HURN,2020
CNSL,5010
MOS,1510
CYRX,3510
MPW,6010
CE,1510
NP,1510
INBK,4010
PBH,3520
ULH,2030
DLB,4510
WEX,4510
XPEL,2510
HUN,1510
LHCG,3510
EXLS,4510
LAZ,4020
AX,4010
CORE,2550
DXCM,3510
MNOV,3520
INFO,2020
RLGT,2030
ZUMZ,2550
BLDR,2010
CTRN,2550
KOP,1510
ICE,4020
EVRI,2530
EGLE,2030
CPS,2510
GTT,4510
FSP,6010
ATRC,3510
RUTH,2530
WAL,4010
JRVR,4030
GNK,2030
CF,1510
CXP,6010
CTSO,3510
THS,3020
CMPR,2020
OFLX,2010
RPAI,6010
DISCA,5020
TROX,1510
ISBC,4010
WSBF,4010
OPBK,4010
IRBT,2520
SPR,2010
ACCO,2020
ROLL,2010
AMSF,4030
HOMB,4010
BKD,3510
AMP,4020
MNSB,4010
CROX,2520
SPWR,4530
UAA,2520
LDOS,2020
CORR,6010
ZIOP,3520
DHT,1010
FNF,4030
FBIZ,4010
CPA,2030
LYV,5020
UEC,1010
HEES,2010
CMG,2530
FIS,4510
LQDT,2550
KRA,1510
VNDA,3520
AVXL,3520
MWA,2010
ATEC,3510
VG,4510
DK,1010
LUNA,4520
SNCR,4510
HBMD,4010
PFPT,4510
GOGO,5010
CUBI,4010
HTBI,4010
RDUS,3520
POST,3020
SPLK,4510
FB,5020
ESRT,6010
FANG,1010
CSTE,2010
PSX,1010
ASPU,2530
PBYI,3520
GMED,3510
NOW,4510
BLMN,2530
PANW,4510
FIVE,2550
RLGY,6010
PGTI,2010
CVLT,4510
PTCT,3520
QRTEA,2550
SEM,3510
KBR,2020
EHTH,4030
LMAT,3510
INFU,3510
ESXB,4010
ICFI,2020
GTS,3510
TNL,2530
EVR,4020
ORBC,5010
ALGT,2030
FOLD,3520
WU,4510
CELH,3020
DEI,6010
HBI,2520
FSLR,4530
GORO,1510
FRST,4010
WLDN,2020
PRIM,2010
AWI,2010
SBH,2550
IPGP,4520
CPRX,3520
ATHX,3520
EBS,3520
CTT,6010
AIMC,2010
TAST,2530
III,4510
CLNE,1010
AVAV,2010
NCMI,5020
SMCI,4520
EIG,4030
PRTS,2550
ESGR,4030
ARAY,3510
IBKR,4020
ESSA,4010
UFS,1510
TFSL,4010
CARE,4010
BR,4510
GLRE,4030
FRBA,4010
CNK,5020
CAI,2010
TTGT,5020
PODD,3510
INFN,4520
JAZZ,3520
LLNW,4510
CDXC,3520
DFS,4020
AMC,5020
TIPT,4030
PRO,4510
SCOR,5020
MASI,3510
DHX,5020
ALSN,2010
G,4510
LULU,2520
RILY,4020
VMW,4510
TDC,4510
MSCI,4020
LPLA,4020
ROIC,6010
TGH,2010
CVI,1010
PZN,4020
ULTA,2550
APEI,2530
ENSG,3510
LL,2550
SCU,4020
UIHC,4030
NFBK,4010
CIM,4020
TITN,2010
LRN,2530
ACBI,4010
FOR,6010
SATS,4520
EBSB,4010
CSII,3510
AWK,5510
V,4510
CFX,2010
FN,4520
HCCI,2020
PM,3020
HI,2010
CCXI,3520
ZGNX,3520
SWI,4510
ERII,2010
KKR,4020
VRS,1510
NX,2010
CDNA,3520
FLDM,3520
CDXS,3520
IPI,1510
AGNC,4020
ECHO,2030
HCI,4030
MRC,2010
IOVA,3520
LOPE,2530
SB,2030
HBCP,4010
IVR,4020
MG,2020
BKI,4510
ATVI,5020
TREE,4020
JBT,2010
RXN,2010
BERY,1510
MYRG,2010
VRSK,2020
IBIO,3520
AVGO,4530
MDRX,3510
GPRE,1010
DMRC,4510
FSBW,4010
CLW,1510
SLCA,1010
OPI,6010
RC,4020
WMC,4020
TBNK,4010
ADUS,3510
ASPS,6010
TXMD,3520
PMT,4020
H,2530
FTNT,4510
STWD,4020
KAR,2020
OMER,3520
SRNE,3520
ARI,4020
RCM,3510
IRDM,5010
GNRC,2010
TWO,4020
COWN,4020
FLNT,5020
ARR,4020
PEB,6010
TRNO,6010
EFC,4020
CALX,4520
ST,2010
CRMD,3520
SPSC,4510
MSGN,5020
FIBK,4010
APO,4020
IRWD,3520
PLOW,2010
QNST,5020
EXPR,2550
STNG,1010
GDOT,4020
CBOE,4020
MXL,4530
ENV,4510
AOSL,4530
CLDT,6010
FLT,4510
NPTN,4530
AMRS,1510
QUAD,2020
FAF,4030
WKHS,2510
TSLA,2510
HPP,6010
AMRC,2010
VPG,4520
COR,6010
VRA,2520
BWXT,2010
ASMB,3520
STAG,6010
APTS,6010
HZNP,3520
WD,4010
CLAR,2520
EVTC,4510
INN,6010
PACB,3520
WSR,6010
TRGP,1010
AAT,6010
SBRA,6010
SAVE,2030
CSOD,4510
CMRE,2030
HHC,6010
BKU,4010
PCRX,3520
BAH,2020
ACRX,3520
REVG,2010
SUPN,3520
GWRS,5510
KOS,1010
AL,2010
WIFI,5010
HII,2010
THR,2010
RLJ,6010
SEAS,2530
SXC,1510
VER,6010
ARMK,2530
CHEF,3010
MPC,1010
Z,5020
LIVX,5020
ORC,4020
HMST,4010
MSBI,4010
RM,4020
GRPN,2550
AMCX,5020
ENPH,4530
UI,4520
ASPN,1010
TSE,1510
TLYS,2550
ZNGA,5020
HTA,6010
REGI,1010
PRLB,2010
EPAM,4510
BCEI,1010
VCRA,3510
MTSI,4530
CHUY,2530
MTDR,1010
FRGI,2530
BCOV,4510
FBHS,2010
FRG,2550
CG,4020
XYL,2010
ACRE,4020
ENVA,4020
GO,3010
VVNT,2530
AXGN,3510
GWRE,4510
NBHC,4010
VAC,2530
ACHC,3510
VSTM,3520
CLVS,3520
PBF,1010
YELP,5020
FBIO,3520
CPRI,2520
TRIP,5020
IGT,2530
GLNG,1010
TPH,2520
NTB,4010
CBRE,6010
BLKB,4510
TRTN,2010
SNDR,2030
ALNY,3520
NUVA,3510
ANGO,3510
GHL,4020
CATM,4510
UCTT,4530
CNS,4020
KRG,6010
LXFR,2010
FF,1510
LYB,1510
FRO,1010
ESI,1510
NETI,2030
ALLE,2010
GAN,2530
LPG,1010
ATH,4030
APG,2010
NVT,2010
ACA,2010
HYFM,2010
